key,PROVINCIA,DEPARTAMENTO,VP,FN,FP,VN
buenosaires|saladillo,Buenos Aires,Saladillo,8,0,2,26
buenosaires|lasflores,Buenos Aires,Las Flores,8,0,0,28
buenosaires|rojas,Buenos Aires,Rojas,10,2,0,24
buenosaires|escobar,Buenos Aires,Escobar,0,13,0,23
buenosaires|josecpaz,Buenos Aires,José C. Paz,0,9,0,27
buenosaires|sanantoniodeareco,Buenos Aires,San Antonio de Areco,9,1,1,25
buenosaires|maipu,Buenos Aires,Maipú,0,0,13,23
buenosaires|moreno,Buenos Aires,Moreno,0,9,0,27
buenosaires|lamatanza,Buenos Aires,La Matanza,0,9,0,27
buenosaires|generalpaz,Buenos Aires,General Paz,8,1,5,22
buenosaires|generalguido,Buenos Aires,General Guido,1,0,12,23
buenosaires|generaljuanmadariaga,Buenos Aires,General Juan Madariaga,0,0,7,29
buenosaires|tandil,Buenos Aires,Tandil,0,0,7,29
buenosaires|coronelsuarez,Buenos Aires,Coronel Suárez,0,0,0,36
buenosaires|adolfogonzaleschaves,Buenos Aires,Adolfo Gonzales Chaves,0,0,11,25
buenosaires|bahiablanca,Buenos Aires,Bahía Blanca,0,0,0,36
buenosaires|generalalvarado,Buenos Aires,General Alvarado,0,0,0,36
buenosaires|generalpueyrredon,Buenos Aires,General Pueyrredón,0,0,10,26
buenosaires|marchiquita,Buenos Aires,Mar Chiquita,0,0,0,36
buenosaires|villagesell,Buenos Aires,Villa Gesell,0,0,0,36
buenosaires|pinamar,Buenos Aires,Pinamar,0,0,0,36
buenosaires|generallavalle,Buenos Aires,General Lavalle,0,0,7,29
buenosaires|lacosta,Buenos Aires,La Costa,0,0,0,36
buenosaires|magdalena,Buenos Aires,Magdalena,8,1,2,25
buenosaires|vicentelopez,Buenos Aires,Vicente López,0,9,0,27
buenosaires|rauch,Buenos Aires,Rauch,3,0,10,23
buenosaires|salliquelo,Buenos Aires,Salliqueló,0,3,0,33
buenosaires|berazategui,Buenos Aires,Berazategui,0,9,0,27
buenosaires|tornquist,Buenos Aires,Tornquist,0,0,0,36
buenosaires|coronelpringles,Buenos Aires,Coronel Pringles,0,0,6,30
buenosaires|generalpinto,Buenos Aires,General Pinto,7,4,0,25
buenosaires|sancayetano,Buenos Aires,San Cayetano,0,0,7,29
buenosaires|tresarroyos,Buenos Aires,Tres Arroyos,0,0,10,26
buenosaires|coroneldorrego,Buenos Aires,Coronel Dorrego,0,0,0,36
buenosaires|necochea,Buenos Aires,Necochea,0,0,13,23
buenosaires|lezama,Buenos Aires,Lezama,7,1,3,25
buenosaires|chascomus,Buenos Aires,Chascomús,8,1,5,22
buenosaires|puntaindio,Buenos Aires,Punta Indio,8,1,2,25
buenosaires|campana,Buenos Aires,Campana,7,8,1,20
buenosaires|adolfoalsina,Buenos Aires,Adolfo Alsina,0,0,0,36
buenosaires|pellegrini,Buenos Aires,Pellegrini,0,3,0,33
buenosaires|puan,Buenos Aires,Puán,0,0,0,36
buenosaires|villarino,Buenos Aires,Villarino,0,2,7,27
buenosaires|generalvillegas,Buenos Aires,General Villegas,4,7,3,22
buenosaires|pergamino,Buenos Aires,Pergamino,11,3,3,19
buenosaires|castelli,Buenos Aires,Castelli,7,1,6,22
buenosaires|almirantebrown,Buenos Aires,Almirante Brown,0,9,0,27
buenosaires|presidenteperon,Buenos Aires,Presidente Perón,0,9,0,27
buenosaires|brandsen,Buenos Aires,Brandsen,8,1,2,25
buenosaires|carloscasares,Buenos Aires,Carlos Casares,0,9,0,27
buenosaires|carlostejedor,Buenos Aires,Carlos Tejedor,6,3,4,23
buenosaires|25demayo,Buenos Aires,25 de Mayo,9,0,4,23
buenosaires|9dejulio,Buenos Aires,9 de Julio,9,0,5,22
buenosaires|pehuajo,Buenos Aires,Pehuajó,4,1,1,30
buenosaires|trenquelauquen,Buenos Aires,Trenque Lauquen,0,3,0,33
buenosaires|generalbelgrano,Buenos Aires,General Belgrano,7,0,4,25
buenosaires|monte,Buenos Aires,Monte,8,1,2,25
buenosaires|roqueperez,Buenos Aires,Roque Pérez,8,0,5,23
buenosaires|olavarria,Buenos Aires,Olavarría,0,0,0,36
buenosaires|merlo,Buenos Aires,Merlo,0,9,0,27
buenosaires|estebanecheverria,Buenos Aires,Esteban Echeverría,0,9,0,27
buenosaires|arrecifes,Buenos Aires,Arrecifes,11,2,3,20
buenosaires|capitansarmiento,Buenos Aires,Capitán Sarmiento,9,1,4,22
buenosaires|carmendeareco,Buenos Aires,Carmen de Areco,10,0,3,23
buenosaires|salto,Buenos Aires,Salto,11,0,0,25
buenosaires|exaltaciondelacruz,Buenos Aires,Exaltación de la Cruz,9,1,4,22
buenosaires|sanmiguel,Buenos Aires,San Miguel,0,9,0,27
buenosaires|sanandresdegiles,Buenos Aires,San Andrés de Giles,9,1,4,22
buenosaires|junin,Buenos Aires,Junín,11,0,2,23
buenosaires|mercedes,Buenos Aires,Mercedes,9,0,4,23
buenosaires|pilar,Buenos Aires,Pilar,0,10,0,26
buenosaires|lujan,Buenos Aires,Luján,9,1,4,22
buenosaires|hurlingham,Buenos Aires,Hurlingham,0,9,0,27
buenosaires|moron,Buenos Aires,Morón,0,9,0,27
buenosaires|chacabuco,Buenos Aires,Chacabuco,10,1,0,25
buenosaires|malvinasargentinas,Buenos Aires,Malvinas Argentinas,0,9,0,27
buenosaires|generalsanmartin,Buenos Aires,General San Martín,0,9,0,27
buenosaires|lincoln,Buenos Aires,Lincoln,10,0,3,23
buenosaires|ituzaingo,Buenos Aires,Ituzaingó,0,9,0,27
buenosaires|generalrodriguez,Buenos Aires,General Rodríguez,9,1,4,22
buenosaires|suipacha,Buenos Aires,Suipacha,10,0,4,22
buenosaires|tresdefebrero,Buenos Aires,Tres de Febrero,0,9,0,27
buenosaires|chivilcoy,Buenos Aires,Chivilcoy,10,0,0,26
buenosaires|alberti,Buenos Aires,Alberti,10,0,0,26
buenosaires|bragado,Buenos Aires,Bragado,10,1,0,25
buenosaires|generallasheras,Buenos Aires,General Las Heras,9,1,1,25
buenosaires|marcospaz,Buenos Aires,Marcos Paz,9,1,4,22
buenosaires|generalviamonte,Buenos Aires,General Viamonte,10,1,0,25
buenosaires|ezeiza,Buenos Aires,Ezeiza,0,9,0,27
buenosaires|florenciovarela,Buenos Aires,Florencio Varela,0,9,0,27
buenosaires|navarro,Buenos Aires,Navarro,10,0,0,26
buenosaires|canuelas,Buenos Aires,Cañuelas,7,3,1,25
buenosaires|sanvicente,Buenos Aires,San Vicente,8,1,2,25
buenosaires|lobos,Buenos Aires,Lobos,10,0,0,26
buenosaires|generalalvear,Buenos Aires,General Alvear,0,8,0,28
buenosaires|quilmes,Buenos Aires,Quilmes,0,9,0,27
buenosaires|generallamadrid,Buenos Aires,General La Madrid,0,0,10,26
buenosaires|bolivar,Buenos Aires,Bolívar,0,6,0,30
buenosaires|balcarce,Buenos Aires,Balcarce,0,0,8,28
buenosaires|tapalque,Buenos Aires,Tapalqué,0,7,0,29
buenosaires|hipolitoyrigoyen,Buenos Aires,Hipólito Yrigoyen,0,2,0,34
buenosaires|dolores,Buenos Aires,Dolores,3,0,10,23
buenosaires|azul,Buenos Aires,Azul,0,3,7,26
buenosaires|daireaux,Buenos Aires,Daireaux,0,3,0,33
buenosaires|treslomas,Buenos Aires,Tres Lomas,0,3,0,33
buenosaires|ayacucho,Buenos Aires,Ayacucho,1,0,12,23
buenosaires|guamini,Buenos Aires,Guaminí,0,3,9,24
buenosaires|ensenada,Buenos Aires,Ensenada,0,9,0,27
buenosaires|laprida,Buenos Aires,Laprida,0,0,13,23
buenosaires|sanisidro,Buenos Aires,San Isidro,0,9,0,27
buenosaires|benitojuarez,Buenos Aires,Benito Juárez,0,0,7,29
buenosaires|colon,Buenos Aires,Colón,10,2,0,24
buenosaires|saavedra,Buenos Aires,Saavedra,0,0,10,26
buenosaires|montehermoso,Buenos Aires,Monte Hermoso,0,0,0,36
buenosaires|loberia,Buenos Aires,Lobería,0,0,0,36
buenosaires|berisso,Buenos Aires,Berisso,3,6,1,26
buenosaires|tordillo,Buenos Aires,Tordillo,1,0,18,17
buenosaires|zarate,Buenos Aires,Zárate,6,12,1,17
buenosaires|ramallo,Buenos Aires,Ramallo,9,6,1,20
buenosaires|sannicolas,Buenos Aires,San Nicolás,10,5,3,18
buenosaires|leandronalem,Buenos Aires,Leandro N. Alem,10,1,3,22
buenosaires|generalarenales,Buenos Aires,General Arenales,11,1,2,22
buenosaires|patagones,Buenos Aires,Patagones,2,0,18,16
buenosaires|coroneldemarinaleonardorosales,Buenos Aires,Coronel de Marina Leonardo Rosales,0,0,0,36
buenosaires|baradero,Buenos Aires,Baradero,9,9,4,14
buenosaires|sanpedro,Buenos Aires,San Pedro,9,5,5,17
buenosaires|florentinoameghino,Buenos Aires,Florentino Ameghino,4,6,4,22
buenosaires|lanus,Buenos Aires,Lanús,0,9,0,27
buenosaires|lomasdezamora,Buenos Aires,Lomas de Zamora,0,9,0,27
buenosaires|avellaneda,Buenos Aires,Avellaneda,0,9,0,27
buenosaires|laplata,Buenos Aires,La Plata,8,1,2,25
buenosaires|pila,Buenos Aires,Pila,7,0,3,26
entrerios|victoria,Entre Rios,Victoria,8,9,8,11
entrerios|gualeguay,Entre Rios,Gualeguay,8,9,8,11
santafe|constitucion,Santa Fe,Constitución,10,9,6,11
santafe|rosario,Santa Fe,Rosario,10,8,6,12
santafe|iriondo,Santa Fe,Iriondo,10,6,6,14
lapampa|caleucaleu,La Pampa,Caleu Caleu,0,0,3,33
lapampa|chapaleufu,La Pampa,Chapaleufú,0,7,0,29
lapampa|rancul,La Pampa,Rancul,5,0,6,25
lapampa|lihuelcalel,La Pampa,Lihuel Calel,0,0,3,33
lapampa|hucal,La Pampa,Hucal,0,0,0,36
lapampa|limaymahuida,La Pampa,Limay Mahuida,0,0,11,25
lapampa|guatrache,La Pampa,Guatraché,0,0,0,36
lapampa|maraco,La Pampa,Maracó,0,5,0,31
lapampa|realico,La Pampa,Realicó,5,1,6,24
lapampa|utracan,La Pampa,Utracán,0,0,0,36
lapampa|toay,La Pampa,Toay,0,0,11,25
lapampa|capital,La Pampa,Capital,0,0,0,36
lapampa|trenel,La Pampa,Trenel,5,0,6,25
lapampa|conhelo,La Pampa,Conhelo,5,0,6,25
lapampa|loventue,La Pampa,Loventué,0,0,11,25
buenosaires|sanfernando,Buenos Aires,San Fernando,0,17,0,19
buenosaires|tigre,Buenos Aires,Tigre,0,12,0,24
buenosaires|rivadavia,Buenos Aires,Rivadavia,4,1,2,29
santafe|generallopez,Santa Fe,General López,9,6,0,21
santafe|caseros,Santa Fe,Caseros,11,6,5,14
santafe|sanlorenzo,Santa Fe,San Lorenzo,10,8,6,12
lapampa|atreuco,La Pampa,Atreucó,0,0,0,36
lapampa|catrilo,La Pampa,Catriló,0,3,0,33
lapampa|quemuquemu,La Pampa,Quemú Quemú,0,3,0,33
lapampa|curaco,La Pampa,Curacó,0,0,3,33
santafe|belgrano,Santa Fe,Belgrano,8,6,8,14
entrerios|islasdelibicuy,Entre Rios,Islas del Ibicuy,8,9,8,11
entrerios|uruguay,Entre Rios,Uruguay,6,1,10,19
entrerios|gualeguaychu,Entre Rios,Gualeguaychú,8,8,8,12
cordoba|union,Córdoba,Unión,7,7,0,22
cordoba|terceroarriba,Córdoba,Tercero Arriba,5,10,0,21
cordoba|riocuarto,Córdoba,Río Cuarto,1,10,4,21
cordoba|presidenteroquesaenzpena,Córdoba,Presidente Roque Sáenz Peña,5,9,0,22
cordoba|generalroca,Córdoba,General Roca,5,10,0,21
cordoba|juarezcelman,Córdoba,Juárez Celman,5,10,0,21
cordoba|generalsanmartin,Córdoba,General San Martín,5,10,0,21
cordoba|marcosjuarez,Córdoba,Marcos Juárez,7,8,0,21
chaco|ohiggins,Chaco,O'Higgins,11,0,9,16
chaco|12deoctubre,Chaco,12 de Octubre,12,1,8,15
formosa|pilagas,Formosa,Pilagás,10,2,18,6
formosa|laishi,Formosa,Laishi,7,7,12,10
formosa|pirane,Formosa,Pirané,8,4,11,13
chaco|generalguemes,Chaco,General Güemes,17,3,10,6
formosa|patino,Formosa,Patiño,10,8,9,9
chaco|tapenaga,Chaco,Tapenagá,14,0,13,9
chaco|quitilipi,Chaco,Quitilipi,7,0,20,9
chaco|presidenciadelaplaza,Chaco,Presidencia de la Plaza,8,0,19,9
chaco|sargentocabral,Chaco,Sargento Cabral,9,0,18,9
chaco|independencia,Chaco,Independencia,11,0,16,9
chaco|mayorluisjfontana,Chaco,Mayor Luis J. Fontana,12,2,8,14
chaco|frayjustosantamariadeoro,Chaco,Fray Justo Santa María de Oro,7,1,13,15
chaco|maipu,Chaco,Maipú,10,0,17,9
chaco|almirantebrown,Chaco,Almirante Brown,12,1,15,8
chaco|chacabuco,Chaco,Chacabuco,12,0,8,16
formosa|formosa,Formosa,Formosa,9,6,10,11
formosa|pilcomayo,Formosa,Pilcomayo,9,5,19,3
chaco|libertadorgeneralsanmartin,Chaco,Libertador General San Martín,12,1,15,8
chaco|bermejo,Chaco,Bermejo,14,1,13,8
chaco|1demayo,Chaco,1° de Mayo,16,1,11,8
chaco|9dejulio,Chaco,9 de Julio,11,0,9,16
chaco|sanfernando,Chaco,San Fernando,16,0,11,9
chaco|sanlorenzo,Chaco,San Lorenzo,11,0,9,16
chaco|2deabril,Chaco,2 de Abril,12,1,8,15
chaco|25demayo,Chaco,25 de Mayo,9,0,18,9
chaco|libertad,Chaco,Libertad,10,0,17,9
chaco|comandantefernandez,Chaco,Comandante Fernández,11,0,16,9
chaco|generalbelgrano,Chaco,General Belgrano,11,0,9,16
chaco|generaldonovan,Chaco,General Donovan,10,0,17,9
entrerios|villaguay,Entre Rios,Villaguay,5,0,11,20
entrerios|federal,Entre Rios,Federal,6,0,10,20
entrerios|sansalvador,Entre Rios,San Salvador,3,0,13,20
entrerios|nogoya,Entre Rios,Nogoyá,7,4,9,16
entrerios|tala,Entre Rios,Tala,6,2,10,18
entrerios|lapaz,Entre Rios,La Paz,7,5,9,15
entrerios|feliciano,Entre Rios,Feliciano,8,0,8,20
entrerios|parana,Entre Rios,Paraná,7,6,9,14
entrerios|diamante,Entre Rios,Diamante,7,9,9,11
santafe|lascolonias,Santa Fe,Las Colonias,7,2,9,18
santafe|sanjusto,Santa Fe,San Justo,6,0,10,20
santafe|castellanos,Santa Fe,Castellanos,7,2,9,18
santafe|sanmartin,Santa Fe,San Martín,8,4,8,16
santafe|generalobligado,Santa Fe,General Obligado,10,5,6,15
santafe|vera,Santa Fe,Vera,10,0,6,20
santafe|9dejulio,Santa Fe,9 de Julio,8,0,8,20
santafe|sancristobal,Santa Fe,San Cristóbal,7,1,9,19
santafe|lacapital,Santa Fe,La Capital,8,6,8,14
santafe|sanjavier,Santa Fe,San Javier,8,5,8,15
santafe|garay,Santa Fe,Garay,7,5,9,15
santafe|sanjeronimo,Santa Fe,San Jerónimo,9,6,7,14
misiones|capital,Misiones,Capital,2,3,14,17
misiones|sanignacio,Misiones,San Ignacio,2,2,14,18
misiones|candelaria,Misiones,Candelaria,2,2,14,18
misiones|montecarlo,Misiones,Montecarlo,2,2,14,18
misiones|cainguas,Misiones,Cainguás,2,0,14,20
misiones|obera,Misiones,Oberá,2,0,14,20
misiones|25demayo,Misiones,25 de Mayo,2,0,14,20
misiones|leandronalem,Misiones,Leandro N. Alem,2,0,14,20
misiones|sanjavier,Misiones,San Javier,2,0,14,20
misiones|concepcion,Misiones,Concepción,2,0,14,20
misiones|apostoles,Misiones,Apóstoles,2,0,14,20
misiones|guarani,Misiones,Guaraní,2,4,14,16
misiones|sanpedro,Misiones,San Pedro,2,4,14,16
misiones|iguazu,Misiones,Iguazú,2,3,14,17
misiones|generalmanuelbelgrano,Misiones,General Manuel Belgrano,1,4,15,16
misiones|eldorado,Misiones,Eldorado,2,3,14,17
misiones|libertadorgeneralsanmartin,Misiones,Libertador General San Martín,2,2,14,18
entrerios|federacion,Entre Rios,Federación,7,0,9,20
entrerios|colon,Entre Rios,Colón,5,0,11,20
entrerios|concordia,Entre Rios,Concordia,5,0,11,20
corrientes|sanluisdelpalmar,Corrientes,San Luis del Palmar,6,0,26,4
corrientes|mburucuya,Corrientes,Mburucuyá,6,0,26,4
corrientes|concepcion,Corrientes,Concepción,9,0,10,17
corrientes|mercedes,Corrientes,Mercedes,9,0,10,17
corrientes|sanroque,Corrientes,San Roque,10,0,22,4
corrientes|generalpaz,Corrientes,General Paz,7,1,25,3
corrientes|empedrado,Corrientes,Empedrado,13,1,19,3
corrientes|saladas,Corrientes,Saladas,13,1,19,3
corrientes|bellavista,Corrientes,Bella Vista,14,1,18,3
corrientes|lavalle,Corrientes,Lavalle,13,1,19,3
corrientes|goya,Corrientes,Goya,13,1,19,3
corrientes|esquina,Corrientes,Esquina,9,5,10,12
corrientes|sauce,Corrientes,Sauce,8,0,11,17
corrientes|curuzucuatia,Corrientes,Curuzú Cuatiá,9,0,10,17
corrientes|montecaseros,Corrientes,Monte Caseros,8,0,11,17
corrientes|pasodeloslibres,Corrientes,Paso de los Libres,8,0,11,17
corrientes|sanmartin,Corrientes,San Martín,6,0,13,17
corrientes|generalalvear,Corrientes,General Alvear,5,0,14,17
corrientes|santotome,Corrientes,Santo Tomé,5,0,14,17
corrientes|sanmiguel,Corrientes,San Miguel,6,3,13,14
corrientes|ituzaingo,Corrientes,Ituzaingó,5,3,14,14
corrientes|berondeastrada,Corrientes,Berón de Astrada,7,1,25,3
corrientes|itati,Corrientes,Itatí,7,1,25,3
corrientes|sancosme,Corrientes,San Cosme,9,1,23,3
corrientes|capital,Corrientes,Capital,14,1,18,3
cordoba|tulumba,Córdoba,Tulumba,5,6,0,25
cordoba|cruzdeleje,Córdoba,Cruz del Eje,0,8,0,28
cordoba|punilla,Córdoba,Punilla,0,10,5,21
cordoba|santamaria,Córdoba,Santa María,5,10,0,21
cordoba|minas,Córdoba,Minas,0,4,0,32
cordoba|sanalberto,Córdoba,San Alberto,0,9,5,22
cordoba|riosegundo,Córdoba,Río Segundo,5,10,0,21
cordoba|sanjusto,Córdoba,San Justo,7,8,0,21
cordoba|rioseco,Córdoba,Río Seco,5,6,0,25
cordoba|sobremonte,Córdoba,Sobremonte,5,6,0,25
cordoba|capital,Córdoba,Capital,0,11,0,25
cordoba|colon,Córdoba,Colón,5,9,0,22
cordoba|ischilin,Córdoba,Ischilín,4,6,1,25
cordoba|totoral,Córdoba,Totoral,5,6,0,25
cordoba|sanjavier,Córdoba,San Javier,0,9,0,27
cordoba|rioprimero,Córdoba,Río Primero,5,10,0,21
cordoba|calamuchita,Córdoba,Calamuchita,0,11,0,25
cordoba|pocho,Córdoba,Pocho,0,8,5,23
formosa|bermejo,Formosa,Bermejo,7,6,12,11
formosa|matacos,Formosa,Matacos,6,3,13,14
formosa|ramonlista,Formosa,Ramón Lista,7,2,12,15
lapampa|chicalco,La Pampa,Chical Co,0,4,7,25
lapampa|chalileo,La Pampa,Chalileo,0,0,11,25
lapampa|puelen,La Pampa,Puelén,0,0,10,26
